<BackupInst xmlns="http://www.microsoft.com/GroupPolicy/GPOOperations/Manifest"><GPOGuid><![CDATA[{b7971dbc-0f28-48a7-9586-500aee9e1660}]]></GPOGuid><GPODomain><![CDATA[dt.democloud]]></GPODomain><GPODomainGuid><![CDATA[{1916803f-35a3-4304-9a19-d97d42a84369}]]></GPODomainGuid><GPODomainController><![CDATA[inf-dc-01.dt.democloud]]></GPODomainController><BackupTime><![CDATA[2023-03-08T14:00:27]]></BackupTime><ID><![CDATA[{D9D1289F-A0C0-49FA-82C6-407F526754C0}]]></ID><Comment><![CDATA[]]></Comment><GPODisplayName><![CDATA[GPO_C_DisableServerManagerOnStartup]]></GPODisplayName></BackupInst>
