<BackupInst xmlns="http://www.microsoft.com/GroupPolicy/GPOOperations/Manifest"><GPOGuid><![CDATA[{31b2f340-016d-11d2-945f-00c04fb984f9}]]></GPOGuid><GPODomain><![CDATA[dt.democloud]]></GPODomain><GPODomainGuid><![CDATA[{1916803f-35a3-4304-9a19-d97d42a84369}]]></GPODomainGuid><GPODomainController><![CDATA[inf-dc-01.dt.democloud]]></GPODomainController><BackupTime><![CDATA[2023-03-08T14:00:24]]></BackupTime><ID><![CDATA[{589C0829-9AFE-4EFB-A127-BF6F2FB9D0FE}]]></ID><Comment><![CDATA[]]></Comment><GPODisplayName><![CDATA[Default Domain Policy]]></GPODisplayName></BackupInst>
