<Backups xmlns="http://www.microsoft.com/GroupPolicy/GPOOperations/Manifest" xmlns:mfst="http://www.microsoft.com/GroupPolicy/GPOOperations/Manifest" mfst:version="1.0"><BackupInst><GPOGuid><![CDATA[{6d2e366e-c36d-451d-b977-29692356cef3}]]></GPOGuid><GPODomain><![CDATA[dt.democloud]]></GPODomain><GPODomainGuid><![CDATA[{1916803f-35a3-4304-9a19-d97d42a84369}]]></GPODomainGuid><GPODomainController><![CDATA[inf-dc-01.dt.democloud]]></GPODomainController><BackupTime><![CDATA[2023-03-08T14:00:26]]></BackupTime><ID><![CDATA[{CB581363-2EFE-4D8D-A71E-CA2AE301B29A}]]></ID><Comment><![CDATA[]]></Comment><GPODisplayName><![CDATA[GPO_C_NewsAndInterests]]></GPODisplayName></BackupInst></Backups>