<Backups xmlns="http://www.microsoft.com/GroupPolicy/GPOOperations/Manifest" xmlns:mfst="http://www.microsoft.com/GroupPolicy/GPOOperations/Manifest" mfst:version="1.0"><BackupInst><GPOGuid><![CDATA[{5298c2ce-c56b-4d31-bdc3-6e09b416de61}]]></GPOGuid><GPODomain><![CDATA[dt.democloud]]></GPODomain><GPODomainGuid><![CDATA[{1916803f-35a3-4304-9a19-d97d42a84369}]]></GPODomainGuid><GPODomainController><![CDATA[inf-dc-01.dt.democloud]]></GPODomainController><BackupTime><![CDATA[2023-03-08T14:00:25]]></BackupTime><ID><![CDATA[{198FCB2F-EC69-4AC8-947E-31B2013AD33F}]]></ID><Comment><![CDATA[]]></Comment><GPODisplayName><![CDATA[GPO_U_Optics_Wallpaper]]></GPODisplayName></BackupInst></Backups>