<Backups xmlns="http://www.microsoft.com/GroupPolicy/GPOOperations/Manifest" xmlns:mfst="http://www.microsoft.com/GroupPolicy/GPOOperations/Manifest" mfst:version="1.0"><BackupInst><GPOGuid><![CDATA[{5d11b30d-e16a-4d85-969d-b13ab7830e4d}]]></GPOGuid><GPODomain><![CDATA[dt.democloud]]></GPODomain><GPODomainGuid><![CDATA[{1916803f-35a3-4304-9a19-d97d42a84369}]]></GPODomainGuid><GPODomainController><![CDATA[inf-dc-01.dt.democloud]]></GPODomainController><BackupTime><![CDATA[2023-03-08T14:00:25]]></BackupTime><ID><![CDATA[{70E28543-3C68-451B-8F31-73B14A5FA2AF}]]></ID><Comment><![CDATA[]]></Comment><GPODisplayName><![CDATA[GPO_C_RegionSettings]]></GPODisplayName></BackupInst></Backups>