<Backups xmlns="http://www.microsoft.com/GroupPolicy/GPOOperations/Manifest" xmlns:mfst="http://www.microsoft.com/GroupPolicy/GPOOperations/Manifest" mfst:version="1.0"><BackupInst><GPOGuid><![CDATA[{0e7779cb-d791-48ba-b5fc-9615b107fd52}]]></GPOGuid><GPODomain><![CDATA[dt.democloud]]></GPODomain><GPODomainGuid><![CDATA[{1916803f-35a3-4304-9a19-d97d42a84369}]]></GPODomainGuid><GPODomainController><![CDATA[inf-dc-01.dt.democloud]]></GPODomainController><BackupTime><![CDATA[2023-03-08T14:00:20]]></BackupTime><ID><![CDATA[{BF2C6EAA-1DD0-4DE5-ADE0-C91B368F5640}]]></ID><Comment><![CDATA[]]></Comment><GPODisplayName><![CDATA[GPO_U_Optics_User]]></GPODisplayName></BackupInst></Backups>