<Backups xmlns="http://www.microsoft.com/GroupPolicy/GPOOperations/Manifest" xmlns:mfst="http://www.microsoft.com/GroupPolicy/GPOOperations/Manifest" mfst:version="1.0"><BackupInst><GPOGuid><![CDATA[{77fcbc21-ec81-4425-b529-93975f9146e0}]]></GPOGuid><GPODomain><![CDATA[dt.democloud]]></GPODomain><GPODomainGuid><![CDATA[{1916803f-35a3-4304-9a19-d97d42a84369}]]></GPODomainGuid><GPODomainController><![CDATA[inf-dc-01.dt.democloud]]></GPODomainController><BackupTime><![CDATA[2023-03-08T14:00:26]]></BackupTime><ID><![CDATA[{AD66885E-652A-450B-9395-A1109C28895D}]]></ID><Comment><![CDATA[]]></Comment><GPODisplayName><![CDATA[GPO_C_IPv6]]></GPODisplayName></BackupInst></Backups>